0:0	4	WHITE_WINS/BLACK_WINS
2:2	1	DRAW_INSUFFICIENT/WHITE_WINS
3:3	3	DRAW_FIFTY_MOVE/BLACK_WINS
1:1	0	BLACK_WINS/WHITE_WINS
4:4	3	DRAW_FIFTY_MOVE/BLACK_WINS
5:5	0	BLACK_WINS/WHITE_WINS
7:7	2	BLACK_WINS/BLACK_WINS
6:6	4	WHITE_WINS/BLACK_WINS
8:8	2	WHITE_WINS/WHITE_WINS
11:11	2	DRAW_REPETITION/DRAW_REPETITION
10:10	2	BLACK_WINS/BLACK_WINS
9:9	0	BLACK_WINS/WHITE_WINS
13:13	2	BLACK_WINS/BLACK_WINS
15:15	1	BLACK_WINS/DRAW_REPETITION
12:12	1	DRAW_REPETITION/WHITE_WINS
14:14	3	DRAW_REPETITION/BLACK_WINS
17:17	0	BLACK_WINS/WHITE_WINS
18:18	3	DRAW_FIFTY_MOVE/BLACK_WINS
16:16	3	DRAW_REPETITION/BLACK_WINS
19:19	2	WHITE_WINS/WHITE_WINS
21:21	0	BLACK_WINS/WHITE_WINS
22:22	4	WHITE_WINS/BLACK_WINS
24:24	1	BLACK_WINS/DRAW_REPETITION
20:20	1	DRAW_FIFTY_MOVE/WHITE_WINS
23:23	1	DRAW_INSUFFICIENT/WHITE_WINS
26:26	2	WHITE_WINS/WHITE_WINS
25:25	2	DRAW_REPETITION/DRAW_FIFTY_MOVE
27:27	4	WHITE_WINS/BLACK_WINS
28:28	4	WHITE_WINS/BLACK_WINS
31:31	2	BLACK_WINS/BLACK_WINS
30:30	4	WHITE_WINS/BLACK_WINS
32:32	2	BLACK_WINS/BLACK_WINS
29:29	2	BLACK_WINS/BLACK_WINS
33:33	2	BLACK_WINS/BLACK_WINS
36:36	2	BLACK_WINS/BLACK_WINS
34:34	2	BLACK_WINS/BLACK_WINS
37:37	4	WHITE_WINS/BLACK_WINS
38:38	2	WHITE_WINS/WHITE_WINS
35:35	2	WHITE_WINS/WHITE_WINS
39:39	4	WHITE_WINS/BLACK_WINS
40:40	1	DRAW_FIFTY_MOVE/WHITE_WINS
43:43	4	WHITE_WINS/BLACK_WINS
41:41	2	BLACK_WINS/BLACK_WINS
42:42	4	WHITE_WINS/BLACK_WINS
45:45	3	WHITE_WINS/DRAW_FIFTY_MOVE
46:46	0	BLACK_WINS/WHITE_WINS
44:44	3	WHITE_WINS/DRAW_FIFTY_MOVE
0:48	4	WHITE_WINS/BLACK_WINS
47:47	3	WHITE_WINS/DRAW_FIFTY_MOVE
2:50	1	DRAW_INSUFFICIENT/WHITE_WINS
1:49	0	BLACK_WINS/WHITE_WINS
3:51	3	DRAW_FIFTY_MOVE/BLACK_WINS
4:52	3	DRAW_FIFTY_MOVE/BLACK_WINS
5:53	0	BLACK_WINS/WHITE_WINS
7:55	2	BLACK_WINS/BLACK_WINS
6:54	4	WHITE_WINS/BLACK_WINS
8:56	2	WHITE_WINS/WHITE_WINS
11:59	2	DRAW_REPETITION/DRAW_REPETITION
10:58	2	BLACK_WINS/BLACK_WINS
9:57	0	BLACK_WINS/WHITE_WINS
12:60	1	DRAW_REPETITION/WHITE_WINS
13:61	2	BLACK_WINS/BLACK_WINS
15:63	1	BLACK_WINS/DRAW_REPETITION
14:62	3	DRAW_REPETITION/BLACK_WINS
17:65	0	BLACK_WINS/WHITE_WINS
18:66	3	DRAW_FIFTY_MOVE/BLACK_WINS
16:64	3	DRAW_REPETITION/BLACK_WINS
19:67	2	WHITE_WINS/WHITE_WINS
21:69	0	BLACK_WINS/WHITE_WINS
22:70	4	WHITE_WINS/BLACK_WINS
20:68	1	DRAW_FIFTY_MOVE/WHITE_WINS
24:72	1	BLACK_WINS/DRAW_REPETITION
23:71	1	DRAW_INSUFFICIENT/WHITE_WINS
25:73	2	DRAW_REPETITION/DRAW_FIFTY_MOVE
26:74	2	WHITE_WINS/WHITE_WINS
27:75	4	WHITE_WINS/BLACK_WINS
28:76	4	WHITE_WINS/BLACK_WINS
31:79	2	BLACK_WINS/BLACK_WINS
30:78	4	WHITE_WINS/BLACK_WINS
29:77	2	BLACK_WINS/BLACK_WINS
32:80	2	BLACK_WINS/BLACK_WINS
33:81	2	BLACK_WINS/BLACK_WINS
34:82	2	BLACK_WINS/BLACK_WINS
36:84	2	BLACK_WINS/BLACK_WINS
37:85	4	WHITE_WINS/BLACK_WINS
35:83	2	WHITE_WINS/WHITE_WINS
38:86	2	WHITE_WINS/WHITE_WINS
39:87	4	WHITE_WINS/BLACK_WINS
40:88	1	DRAW_FIFTY_MOVE/WHITE_WINS
41:89	2	BLACK_WINS/BLACK_WINS
43:91	4	WHITE_WINS/BLACK_WINS
42:90	4	WHITE_WINS/BLACK_WINS
45:93	3	WHITE_WINS/DRAW_FIFTY_MOVE
46:94	0	BLACK_WINS/WHITE_WINS
44:92	3	WHITE_WINS/DRAW_FIFTY_MOVE
0:96	4	WHITE_WINS/BLACK_WINS
47:95	3	WHITE_WINS/DRAW_FIFTY_MOVE
2:98	1	DRAW_INSUFFICIENT/WHITE_WINS
1:97	0	BLACK_WINS/WHITE_WINS
3:99	3	DRAW_FIFTY_MOVE/BLACK_WINS
4:100	3	DRAW_FIFTY_MOVE/BLACK_WINS
5:101	0	BLACK_WINS/WHITE_WINS
7:103	2	BLACK_WINS/BLACK_WINS
6:102	4	WHITE_WINS/BLACK_WINS
8:104	2	WHITE_WINS/WHITE_WINS
11:107	2	DRAW_REPETITION/DRAW_REPETITION
10:106	2	BLACK_WINS/BLACK_WINS
9:105	0	BLACK_WINS/WHITE_WINS
13:109	2	BLACK_WINS/BLACK_WINS
12:108	1	DRAW_REPETITION/WHITE_WINS
15:111	1	BLACK_WINS/DRAW_REPETITION
14:110	3	DRAW_REPETITION/BLACK_WINS
17:113	0	BLACK_WINS/WHITE_WINS
18:114	3	DRAW_FIFTY_MOVE/BLACK_WINS
16:112	3	DRAW_REPETITION/BLACK_WINS
19:115	2	WHITE_WINS/WHITE_WINS
21:117	0	BLACK_WINS/WHITE_WINS
22:118	4	WHITE_WINS/BLACK_WINS
24:120	1	BLACK_WINS/DRAW_REPETITION
20:116	1	DRAW_FIFTY_MOVE/WHITE_WINS
23:119	1	DRAW_INSUFFICIENT/WHITE_WINS
26:122	2	WHITE_WINS/WHITE_WINS
27:123	4	WHITE_WINS/BLACK_WINS
25:121	2	DRAW_REPETITION/DRAW_FIFTY_MOVE
28:124	4	WHITE_WINS/BLACK_WINS
31:127	2	BLACK_WINS/BLACK_WINS
30:126	4	WHITE_WINS/BLACK_WINS
29:125	2	BLACK_WINS/BLACK_WINS
32:128	2	BLACK_WINS/BLACK_WINS
33:129	2	BLACK_WINS/BLACK_WINS
36:132	2	BLACK_WINS/BLACK_WINS
34:130	2	BLACK_WINS/BLACK_WINS
37:133	4	WHITE_WINS/BLACK_WINS
38:134	2	WHITE_WINS/WHITE_WINS
35:131	2	WHITE_WINS/WHITE_WINS
39:135	4	WHITE_WINS/BLACK_WINS
40:136	1	DRAW_FIFTY_MOVE/WHITE_WINS
43:139	4	WHITE_WINS/BLACK_WINS
41:137	2	BLACK_WINS/BLACK_WINS
42:138	4	WHITE_WINS/BLACK_WINS
45:141	3	WHITE_WINS/DRAW_FIFTY_MOVE
46:142	0	BLACK_WINS/WHITE_WINS
44:140	3	WHITE_WINS/DRAW_FIFTY_MOVE
0:144	4	WHITE_WINS/BLACK_WINS
47:143	3	WHITE_WINS/DRAW_FIFTY_MOVE
2:146	1	DRAW_INSUFFICIENT/WHITE_WINS
1:145	0	BLACK_WINS/WHITE_WINS
3:147	3	DRAW_FIFTY_MOVE/BLACK_WINS
4:148	3	DRAW_FIFTY_MOVE/BLACK_WINS
5:149	0	BLACK_WINS/WHITE_WINS
7:151	2	BLACK_WINS/BLACK_WINS
6:150	4	WHITE_WINS/BLACK_WINS
8:152	2	WHITE_WINS/WHITE_WINS
11:155	2	DRAW_REPETITION/DRAW_REPETITION
10:154	2	BLACK_WINS/BLACK_WINS
9:153	0	BLACK_WINS/WHITE_WINS
13:157	2	BLACK_WINS/BLACK_WINS
15:159	1	BLACK_WINS/DRAW_REPETITION
12:156	1	DRAW_REPETITION/WHITE_WINS
14:158	3	DRAW_REPETITION/BLACK_WINS
16:160	3	DRAW_REPETITION/BLACK_WINS
17:161	0	BLACK_WINS/WHITE_WINS
18:162	3	DRAW_FIFTY_MOVE/BLACK_WINS
19:163	2	WHITE_WINS/WHITE_WINS
21:165	0	BLACK_WINS/WHITE_WINS
22:166	4	WHITE_WINS/BLACK_WINS
24:168	1	BLACK_WINS/DRAW_REPETITION
20:164	1	DRAW_FIFTY_MOVE/WHITE_WINS
23:167	1	DRAW_INSUFFICIENT/WHITE_WINS
26:170	2	WHITE_WINS/WHITE_WINS
25:169	2	DRAW_REPETITION/DRAW_FIFTY_MOVE
27:171	4	WHITE_WINS/BLACK_WINS
28:172	4	WHITE_WINS/BLACK_WINS
31:175	2	BLACK_WINS/BLACK_WINS
30:174	4	WHITE_WINS/BLACK_WINS
29:173	2	BLACK_WINS/BLACK_WINS
32:176	2	BLACK_WINS/BLACK_WINS
33:177	2	BLACK_WINS/BLACK_WINS
34:178	2	BLACK_WINS/BLACK_WINS
36:180	2	BLACK_WINS/BLACK_WINS
37:181	4	WHITE_WINS/BLACK_WINS
35:179	2	WHITE_WINS/WHITE_WINS
38:182	2	WHITE_WINS/WHITE_WINS
39:183	4	WHITE_WINS/BLACK_WINS
40:184	1	DRAW_FIFTY_MOVE/WHITE_WINS
43:187	4	WHITE_WINS/BLACK_WINS
41:185	2	BLACK_WINS/BLACK_WINS
42:186	4	WHITE_WINS/BLACK_WINS
45:189	3	WHITE_WINS/DRAW_FIFTY_MOVE
44:188	3	WHITE_WINS/DRAW_FIFTY_MOVE
0:192	4	WHITE_WINS/BLACK_WINS
46:190	0	BLACK_WINS/WHITE_WINS
47:191	3	WHITE_WINS/DRAW_FIFTY_MOVE
1:193	0	BLACK_WINS/WHITE_WINS
2:194	1	DRAW_INSUFFICIENT/WHITE_WINS
3:195	3	DRAW_FIFTY_MOVE/BLACK_WINS
4:196	3	DRAW_FIFTY_MOVE/BLACK_WINS
5:197	0	BLACK_WINS/WHITE_WINS
7:199	2	BLACK_WINS/BLACK_WINS
6:198	4	WHITE_WINS/BLACK_WINS
8:200	2	WHITE_WINS/WHITE_WINS
11:203	2	DRAW_REPETITION/DRAW_REPETITION
9:201	0	BLACK_WINS/WHITE_WINS
10:202	2	BLACK_WINS/BLACK_WINS
15:207	1	BLACK_WINS/DRAW_REPETITION
13:205	2	BLACK_WINS/BLACK_WINS
12:204	1	DRAW_REPETITION/WHITE_WINS
14:206	3	DRAW_REPETITION/BLACK_WINS
17:209	0	BLACK_WINS/WHITE_WINS
16:208	3	DRAW_REPETITION/BLACK_WINS
18:210	3	DRAW_FIFTY_MOVE/BLACK_WINS
19:211	2	WHITE_WINS/WHITE_WINS
21:213	0	BLACK_WINS/WHITE_WINS
22:214	4	WHITE_WINS/BLACK_WINS
20:212	1	DRAW_FIFTY_MOVE/WHITE_WINS
24:216	1	BLACK_WINS/DRAW_REPETITION
23:215	1	DRAW_INSUFFICIENT/WHITE_WINS
26:218	2	WHITE_WINS/WHITE_WINS
25:217	2	DRAW_REPETITION/DRAW_FIFTY_MOVE
27:219	4	WHITE_WINS/BLACK_WINS
28:220	4	WHITE_WINS/BLACK_WINS
31:223	2	BLACK_WINS/BLACK_WINS
30:222	4	WHITE_WINS/BLACK_WINS
29:221	2	BLACK_WINS/BLACK_WINS
32:224	2	BLACK_WINS/BLACK_WINS
33:225	2	BLACK_WINS/BLACK_WINS
36:228	2	BLACK_WINS/BLACK_WINS
34:226	2	BLACK_WINS/BLACK_WINS
37:229	4	WHITE_WINS/BLACK_WINS
35:227	2	WHITE_WINS/WHITE_WINS
38:230	2	WHITE_WINS/WHITE_WINS
39:231	4	WHITE_WINS/BLACK_WINS
40:232	1	DRAW_FIFTY_MOVE/WHITE_WINS
43:235	4	WHITE_WINS/BLACK_WINS
41:233	2	BLACK_WINS/BLACK_WINS
42:234	4	WHITE_WINS/BLACK_WINS
45:237	3	WHITE_WINS/DRAW_FIFTY_MOVE
44:236	3	WHITE_WINS/DRAW_FIFTY_MOVE
46:238	0	BLACK_WINS/WHITE_WINS
0:240	4	WHITE_WINS/BLACK_WINS
47:239	3	WHITE_WINS/DRAW_FIFTY_MOVE
1:241	0	BLACK_WINS/WHITE_WINS
2:242	1	DRAW_INSUFFICIENT/WHITE_WINS
3:243	3	DRAW_FIFTY_MOVE/BLACK_WINS
4:244	3	DRAW_FIFTY_MOVE/BLACK_WINS
5:245	0	BLACK_WINS/WHITE_WINS
7:247	2	BLACK_WINS/BLACK_WINS
6:246	4	WHITE_WINS/BLACK_WINS
8:248	2	WHITE_WINS/WHITE_WINS
